image_link,group_id,entity_name,entity_value
https://m.media-amazon.com/images/I/61I9XdN6OFL.jpg,748919,item_weight,500.0 gram
https://m.media-amazon.com/images/I/71gSRbyXmoL.jpg,916768,item_volume,1.0 cup
https://m.media-amazon.com/images/I/61BZ4zrjZXL.jpg,459516,item_weight,0.709 gram
https://m.media-amazon.com/images/I/612mrlqiI4L.jpg,459516,item_weight,0.709 gram
https://m.media-amazon.com/images/I/617Tl40LOXL.jpg,731432,item_weight,1400 milligram
https://m.media-amazon.com/images/I/61QsBSE7jgL.jpg,731432,item_weight,1400 milligram
https://m.media-amazon.com/images/I/81xsq6vf2qL.jpg,731432,item_weight,1400 milligram
https://m.media-amazon.com/images/I/71DiLRHeZdL.jpg,731432,item_weight,1400 milligram
https://m.media-amazon.com/images/I/91Cma3RzseL.jpg,731432,item_weight,1400 milligram
https://m.media-amazon.com/images/I/71jBLhmTNlL.jpg,731432,item_weight,1400 milligram
https://m.media-amazon.com/images/I/81N73b5khVL.jpg,149159,item_weight,30.0 kilogram
https://m.media-amazon.com/images/I/61oMj2iXOuL.jpg,308856,item_weight,10 kilogram to 15 kilogram
https://m.media-amazon.com/images/I/91LPf6OjV9L.jpg,281678,item_weight,3.53 ounce
https://m.media-amazon.com/images/I/81fOxWWWKYL.jpg,281678,item_weight,3.53 ounce
https://m.media-amazon.com/images/I/81dzao1Ob4L.jpg,281678,item_weight,53 ounce
https://m.media-amazon.com/images/I/91-iahVGEDL.jpg,281678,item_weight,100 gram
https://m.media-amazon.com/images/I/81S2+GnYpTL.jpg,731432,item_weight,200 gram
https://m.media-amazon.com/images/I/81e2YtCOKvL.jpg,731432,item_weight,1 kilogram
https://m.media-amazon.com/images/I/81RNsNEM1EL.jpg,731432,item_weight,200 gram
https://m.media-amazon.com/images/I/91prZeizZnL.jpg,731432,item_weight,200 gram
https://m.media-amazon.com/images/I/31EvJszFVfL.jpg,731432,item_weight,200 gram
https://m.media-amazon.com/images/I/61wzlucTREL.jpg,252585,item_volume,4.0 gallon
https://m.media-amazon.com/images/I/61sQ+qAKr4L.jpg,299791,item_weight,2.7 gram
https://m.media-amazon.com/images/I/81x77l2T5NL.jpg,884560,item_weight,112 gram
https://m.media-amazon.com/images/I/71nywfWZUwL.jpg,179080,item_weight,4.1 kilogram
https://m.media-amazon.com/images/I/71nywfWZUwL.jpg,179080,voltage,48.0 volt
https://m.media-amazon.com/images/I/51WsuKKAVrL.jpg,866516,item_weight,158.0 gram
https://m.media-amazon.com/images/I/61XGDKap+JL.jpg,866516,item_weight,158.0 gram
https://m.media-amazon.com/images/I/715vVcWJxGL.jpg,459516,item_weight,5000 milligram
https://m.media-amazon.com/images/I/613v+2W4UwL.jpg,524635,item_weight,18.55 gram
https://m.media-amazon.com/images/I/71+fn9TWQmL.jpg,524635,item_weight,18.55 gram
https://m.media-amazon.com/images/I/71aKgRRQ2wL.jpg,524635,item_weight,18.55 gram
https://m.media-amazon.com/images/I/71rKXZJrh4L.jpg,524635,item_weight,18.55 gram
https://m.media-amazon.com/images/I/71D824lbRvL.jpg,524635,item_weight,18.55 gram
https://m.media-amazon.com/images/I/71004c9tzfL.jpg,730429,item_weight,50.0 gram
https://m.media-amazon.com/images/I/51bQPPtMqYL.jpg,881883,item_weight,26.0 gram
https://m.media-amazon.com/images/I/61o2ntPNNgL.jpg,179080,wattage,800.0 watt
https://m.media-amazon.com/images/I/61o2ntPNNgL.jpg,179080,voltage,36.0 volt
https://m.media-amazon.com/images/I/71IUuTJ8QwL.jpg,601746,item_weight,330.0 pound
https://m.media-amazon.com/images/I/915JHkwtcrL.jpg,487566,item_weight,31.0 ounce
https://m.media-amazon.com/images/I/71cjrYndwIL.jpg,794161,item_weight,0.35 ounce
https://m.media-amazon.com/images/I/81hnk2WXO3L.jpg,639090,item_weight,35.0 gram
https://m.media-amazon.com/images/I/61HXgujoxpL.jpg,752266,wattage,150.0 watt
https://m.media-amazon.com/images/I/613G8GOyLSL.jpg,752266,wattage,150.0 watt
https://m.media-amazon.com/images/I/71YyZ2iPyZL.jpg,752266,wattage,30.0 watt
https://m.media-amazon.com/images/I/81K3JwUCnQL.jpg,752266,wattage,30.0 watt
https://m.media-amazon.com/images/I/41wvffSxB4L.jpg,299791,item_weight,15.5 gram
https://m.media-amazon.com/images/I/91cErO-KbLL.jpg,237000,item_weight,200.0 gram
https://m.media-amazon.com/images/I/817vo3DcCNL.jpg,179080,wattage,250.0 watt
https://m.media-amazon.com/images/I/61AHQ35poHL.jpg,884560,item_volume,10.0 ounce
https://m.media-amazon.com/images/I/61WFh8RCQYL.jpg,844474,item_weight,0.8 kilogram
https://m.media-amazon.com/images/I/711SATIDrmL.jpg,709627,item_weight,169.0 gram
https://m.media-amazon.com/images/I/61x6RSjwQIL.jpg,299791,item_weight,10.0 gram
https://m.media-amazon.com/images/I/613BeFNwHcL.jpg,523149,item_weight,7.0 gram
https://m.media-amazon.com/images/I/61hWZdkq6WL.jpg,630390,item_weight,750.0 gram
https://m.media-amazon.com/images/I/71E7CU55dcL.jpg,810266,item_weight,160.0 gram
https://m.media-amazon.com/images/I/61c+hSNnnZL.jpg,748919,item_weight,270.0 gram
https://m.media-amazon.com/images/I/915w0BdW-gL.jpg,993359,item_weight,500 gram
https://m.media-amazon.com/images/I/61sx0ezNNLL.jpg,731432,item_weight,1 kilogram
https://m.media-amazon.com/images/I/71ldprwbKrL.jpg,731432,item_weight,10 kilogram
https://m.media-amazon.com/images/I/71E9iF-bmKL.jpg,731432,item_weight,1 kilogram
https://m.media-amazon.com/images/I/71sWRp1SNwL.jpg,731432,item_weight,2.2 pound
https://m.media-amazon.com/images/I/61Fwq4GeTmL.jpg,752266,wattage,60.0 watt
https://m.media-amazon.com/images/I/61-oj+N+BxL.jpg,459516,item_volume,30.0 millilitre
https://m.media-amazon.com/images/I/71e6kJLE+LL.jpg,459516,item_volume,30.0 millilitre
https://m.media-amazon.com/images/I/71SuzaRS7gL.jpg,459516,item_volume,30.0 millilitre
https://m.media-amazon.com/images/I/71nsfFCXF0L.jpg,459516,item_volume,30.0 millilitre
https://m.media-amazon.com/images/I/71hgN7yu9OL.jpg,459516,item_volume,30.0 millilitre
https://m.media-amazon.com/images/I/61SmT8pkLtL.jpg,529606,item_weight,2 ounce
https://m.media-amazon.com/images/I/71ZtDgGX+iL.jpg,299791,item_weight,8.1 gram
https://m.media-amazon.com/images/I/413FQB0ZMLL.jpg,308856,item_weight,2 kilogram
https://m.media-amazon.com/images/I/41EjbFu-+yL.jpg,308856,item_weight,10 kilogram
https://m.media-amazon.com/images/I/71dWDwMhWmS.jpg,681445,item_weight,500.0 kilogram
https://m.media-amazon.com/images/I/61d6Kj80QSL.jpg,365637,item_weight,200.0 gram
https://m.media-amazon.com/images/I/71bvOuz9w1L.jpg,365637,item_weight,200.0 gram
https://m.media-amazon.com/images/I/71l0M0tMGjL.jpg,365637,item_weight,200.0 gram
https://m.media-amazon.com/images/I/71Lpqdrpi4L.jpg,365637,item_weight,200.0 gram
https://m.media-amazon.com/images/I/71jLIbCcwOL.jpg,365637,item_weight,100.0 gram
https://m.media-amazon.com/images/I/718EdwGgyVL.jpg,365637,item_weight,200.0 gram
https://m.media-amazon.com/images/I/713twQgCHSL.jpg,487566,item_weight,5.0 kilogram
https://m.media-amazon.com/images/I/61I0O1qJbhS.jpg,767202,item_weight,60.0 pound
https://m.media-amazon.com/images/I/61eOO5IW4NL.jpg,369753,item_volume,3.0 cubic foot
https://m.media-amazon.com/images/I/716AQpAJjZL.jpg,731432,item_weight,227 gram
https://m.media-amazon.com/images/I/71FVeRd2jqL.jpg,709627,item_weight,100 gram
https://m.media-amazon.com/images/I/81njuNSPdjL.jpg,639090,item_weight,190.0 gram
https://m.media-amazon.com/images/I/51xfRlxWIXL.jpg,639090,item_weight,100.0 gram
https://m.media-amazon.com/images/I/71duwM3SjpL.jpg,459516,item_weight,600 milligram
https://m.media-amazon.com/images/I/612xIhPMHqL.jpg,630869,item_weight,3.2 gram
https://m.media-amazon.com/images/I/51b9JEHOriL.jpg,630869,item_weight,6.5 gram
https://m.media-amazon.com/images/I/81lgxfKqUUL.jpg,881883,item_weight,160.0 gram
https://m.media-amazon.com/images/I/814sAvV89SL.jpg,558374,item_weight,42.0 gram
https://m.media-amazon.com/images/I/61cMeogK8gL.jpg,601746,item_weight,26.0 gram
https://m.media-amazon.com/images/I/811VfR10yxL.jpg,752266,wattage,0.55 watt
https://m.media-amazon.com/images/I/71WLYfmMqQL.jpg,254449,item_weight,50.0 milligram
https://m.media-amazon.com/images/I/61Dq3LRei9L.jpg,523149,item_weight,10.0 kilogram
https://m.media-amazon.com/images/I/71XK5d3Oh9L.jpg,416664,wattage,49.0 watt
https://m.media-amazon.com/images/I/61kyBEJYDeL.jpg,459516,item_weight,500 milligram
https://m.media-amazon.com/images/I/71uQmsTESvL.jpg,459516,item_weight,500 milligram
https://m.media-amazon.com/images/I/71jG8BOi4WL.jpg,241608,item_weight,16.0 gram
https://m.media-amazon.com/images/I/61390hosjFL.jpg,308856,item_weight,8 kilogram
https://m.media-amazon.com/images/I/71PDbPb275L.jpg,459516,item_volume,500.0 millilitre
https://m.media-amazon.com/images/I/71YiRw3e1lL.jpg,630869,item_weight,3.0 pound
https://m.media-amazon.com/images/I/719poaEkdEL.jpg,459516,item_weight,750.0 milligram
https://m.media-amazon.com/images/I/41njJJg-ANL.jpg,308671,item_weight,8.0 gram
https://m.media-amazon.com/images/I/71qEriwsbIL.jpg,299791,item_weight,23.0 gram
https://m.media-amazon.com/images/I/514M5CrBK4L.jpg,630869,item_weight,9.8 gram
https://m.media-amazon.com/images/I/61qOr-yqaVL.jpg,442321,item_weight,198.0 pound
https://m.media-amazon.com/images/I/61xxqfM2EwL.jpg,991868,item_weight,9.0 kilogram
https://m.media-amazon.com/images/I/81yG9eUKvxL.jpg,208023,item_weight,2.5 kilogram
https://m.media-amazon.com/images/I/61FMOl299lL.jpg,593600,item_weight,50.0 gram
https://m.media-amazon.com/images/I/41Kn+YOyPjL.jpg,459516,item_volume,10.0 millilitre
https://m.media-amazon.com/images/I/51q9OE6hfgL.jpg,459516,item_volume,200.0 millilitre
https://m.media-amazon.com/images/I/51T1Kh7WWGL.jpg,299791,item_weight,4.1 gram
https://m.media-amazon.com/images/I/71G8XyPqcIL.jpg,630869,item_weight,9.2 gram
https://m.media-amazon.com/images/I/61Hhju+qn9L.jpg,308856,item_weight,600.0 gram
https://m.media-amazon.com/images/I/51Alw-4+zJL.jpg,308856,item_weight,20.0 kilogram
https://m.media-amazon.com/images/I/81l6zfwKG7L.jpg,731432,item_weight,13.0 gram
https://m.media-amazon.com/images/I/71eATPu53YL.jpg,731432,item_weight,13.0 gram
https://m.media-amazon.com/images/I/81R8CrWXthL.jpg,731432,item_weight,1000.0 milligram
https://m.media-amazon.com/images/I/71qiWPgPcUS.jpg,908443,item_weight,264.0 gram
https://m.media-amazon.com/images/I/81nyHjPXg-L.jpg,308856,item_weight,34 kilogram
https://m.media-amazon.com/images/I/71EREAIkJZS.jpg,299791,item_weight,72.57 gram
https://m.media-amazon.com/images/I/61bpzE0p4yL.jpg,459516,item_weight,100 gram
https://m.media-amazon.com/images/I/71yqAwAikaL.jpg,731432,item_weight,180 gram
https://m.media-amazon.com/images/I/61431aMH6cL.jpg,731432,item_weight,180 gram
https://m.media-amazon.com/images/I/71lxjbXw9bL.jpg,731432,item_weight,180 gram
https://m.media-amazon.com/images/I/71cziTM6TfL.jpg,731432,item_weight,180 gram
https://m.media-amazon.com/images/I/71Btb49O2dL.jpg,731432,item_weight,180 gram
https://m.media-amazon.com/images/I/51QhV+Ox86L.jpg,630869,item_weight,33 gram
https://m.media-amazon.com/images/I/51ArM1PP7WL.jpg,523149,item_weight,8.0 gram
https://m.media-amazon.com/images/I/51F+K7Zx9fL.jpg,558374,item_weight,1.77 ounce
https://m.media-amazon.com/images/I/51u2vv6e8yL.jpg,881883,item_weight,350.0 gram
https://m.media-amazon.com/images/I/71PexaOBvoL.jpg,529606,item_weight,567.0 gram
https://m.media-amazon.com/images/I/81uHTyMDa7L.jpg,529606,item_weight,567.0 gram
https://m.media-amazon.com/images/I/81x+p0LzKbL.jpg,529606,item_weight,567.0 gram
https://m.media-amazon.com/images/I/71kCYzCu0UL.jpg,529606,item_weight,567.0 gram
https://m.media-amazon.com/images/I/81F2B83meFL.jpg,529606,item_weight,567.0 gram
https://m.media-amazon.com/images/I/71KFQ3qt4gL.jpg,529606,item_weight,567.0 gram
https://m.media-amazon.com/images/I/71Oo4M3ApxL.jpg,752266,wattage,60.0 watt
https://m.media-amazon.com/images/I/71Oo4M3ApxL.jpg,752266,voltage,"[100.0, 240.0] volt"
https://m.media-amazon.com/images/I/61lE-I9cVuL.jpg,916768,item_volume,25.0 millilitre
https://m.media-amazon.com/images/I/71+FvzD14RL.jpg,893692,item_weight,2.4 kilogram
https://m.media-amazon.com/images/I/414maJ3RUML.jpg,120569,item_weight,25 kilogram
https://m.media-amazon.com/images/I/7158CO+v3kL.jpg,564709,item_weight,50.0 kilogram
https://m.media-amazon.com/images/I/71NoP+8HnqS.jpg,593600,item_weight,263.0 gram
https://m.media-amazon.com/images/I/51K0v0zo-wL.jpg,507988,item_weight,250.0 gram
https://m.media-amazon.com/images/I/51H6vfyBqML.jpg,507988,item_weight,250.0 gram
https://m.media-amazon.com/images/I/81gzy3-ZlML.jpg,459516,item_weight,200 gram
https://m.media-amazon.com/images/I/71mKPQGo8wL.jpg,599772,item_weight,1.8 kilogram
https://m.media-amazon.com/images/I/81puuiKhs5L.jpg,601746,item_weight,800.0 gram
https://m.media-amazon.com/images/I/61CLKFwJa4L.jpg,630869,item_weight,24.8 gram
https://m.media-amazon.com/images/I/615v9WaUIuL.jpg,483370,item_weight,4.0 kilogram
https://m.media-amazon.com/images/I/71P0BToikAL.jpg,459516,item_volume,"[8.0, 12.0] fluid ounce"
https://m.media-amazon.com/images/I/61HisZt9hcL.jpg,208023,item_weight,3.59 kilogram
https://m.media-amazon.com/images/I/81JGAcnf39L.jpg,983323,voltage,12.0 volt
https://m.media-amazon.com/images/I/31o8WywVeTL.jpg,299791,item_weight,7 gram
https://m.media-amazon.com/images/I/61Ik5NY4ExL.jpg,299791,item_weight,9.8 gram
https://m.media-amazon.com/images/I/71pKB7-3itL.jpg,459516,item_volume,16.0 fluid ounce
https://m.media-amazon.com/images/I/71PGzqxh-EL.jpg,523149,item_weight,3.8 gram
https://m.media-amazon.com/images/I/71uqF3qqsuL.jpg,844474,item_weight,0.45 kilogram
https://m.media-amazon.com/images/I/61vdMgkasML.jpg,179080,item_weight,70.5 pound
https://m.media-amazon.com/images/I/81xeFGugw6L.jpg,271537,voltage,12.0 volt
https://m.media-amazon.com/images/I/71Ye12U8zRL.jpg,271537,voltage,12.0 volt
https://m.media-amazon.com/images/I/61UjKZyijBL.jpg,271537,voltage,12.0 volt
https://m.media-amazon.com/images/I/61v1IQDiIbL.jpg,271537,voltage,12.0 volt
https://m.media-amazon.com/images/I/71WffHaS-QL.jpg,589105,item_weight,1.87 pound
https://m.media-amazon.com/images/I/61mLRVKOr3L.jpg,748919,item_weight,125.0 gram
https://m.media-amazon.com/images/I/619W5ruX5xL.jpg,523149,item_weight,21.0 gram
https://m.media-amazon.com/images/I/51YZWIRgY0L.jpg,630869,item_weight,30.0 gram
https://m.media-amazon.com/images/I/81Qf73SxLaL.jpg,752266,voltage,"[85.0, 265.0] volt"
https://m.media-amazon.com/images/I/81cEIIPti-L.jpg,459516,item_volume,4.0 fluid ounce
https://m.media-amazon.com/images/I/71ciI6RbOqL.jpg,459516,item_volume,4.0 fluid ounce
https://m.media-amazon.com/images/I/816L-kPJGyL.jpg,459516,item_volume,4.0 fluid ounce
https://m.media-amazon.com/images/I/7185b+0uzML.jpg,459516,item_volume,0.7 millilitre
https://m.media-amazon.com/images/I/7185b+0uzML.jpg,459516,item_weight,679.0 milligram
https://m.media-amazon.com/images/I/71In1fvGSwL.jpg,459516,item_volume,4.0 fluid ounce
https://m.media-amazon.com/images/I/8146TN-qDgL.jpg,881883,item_weight,500.0 gram
https://m.media-amazon.com/images/I/71bA7Tj2y5L.jpg,120569,item_weight,15.0 kilogram
https://m.media-amazon.com/images/I/51ZpARXmu+L.jpg,641642,wattage,8.0 watt
https://m.media-amazon.com/images/I/81ZyvlRczjL.jpg,311997,item_weight,175.0 kilogram
https://m.media-amazon.com/images/I/81zuZujBfyL.jpg,311997,item_weight,175.0 kilogram
https://m.media-amazon.com/images/I/71mi7h+tZmL.jpg,281678,item_weight,1.0 gram
https://m.media-amazon.com/images/I/71A7RiB2IIS.jpg,318770,wattage,100.0 watt
https://m.media-amazon.com/images/I/61UkMSPhLSS.jpg,318770,wattage,100.0 watt
https://m.media-amazon.com/images/I/616QEdZeLGL.jpg,318770,wattage,100.0 watt
https://m.media-amazon.com/images/I/61nvPvyO7kL.jpg,318770,wattage,100.0 watt
https://m.media-amazon.com/images/I/71ihnkVAoCL.jpg,241608,item_weight,460.0 gram
https://m.media-amazon.com/images/I/51WaQdTFyhL.jpg,955292,wattage,3.0 watt
https://m.media-amazon.com/images/I/71k9HXFp5VL.jpg,767202,item_weight,23.0 kilogram
https://m.media-amazon.com/images/I/81hbfdu3UaL.jpg,369753,item_volume,3.0 millilitre
https://m.media-amazon.com/images/I/815pYcvCCeL.jpg,365637,item_weight,300.0 gram
https://m.media-amazon.com/images/I/615roHaokEL.jpg,810266,item_weight,100.0 gram
https://m.media-amazon.com/images/I/71JXfZLNJjL.jpg,639090,item_weight,22.0 gram
https://m.media-amazon.com/images/I/71yQq9I3yzL.jpg,731432,item_weight,3.0 gram
https://m.media-amazon.com/images/I/718M5ODio0L.jpg,731432,item_weight,3.0 gram
https://m.media-amazon.com/images/I/61lpwH0qHbL.jpg,731432,item_weight,3.0 gram
https://m.media-amazon.com/images/I/712sZRVe98L.jpg,731432,item_weight,2.0 ton
https://m.media-amazon.com/images/I/71d+dz7ogkL.jpg,150913,maximum_weight_recommendation,15 kilogram
https://m.media-amazon.com/images/I/51WSQa1ygML.jpg,630869,item_weight,14.8 gram
https://m.media-amazon.com/images/I/71QR6ELoPnL.jpg,675317,item_weight,4.4 pound
https://m.media-amazon.com/images/I/71cO37WLcCL.jpg,675317,item_weight,4.4 pound
https://m.media-amazon.com/images/I/71k0T1lkazL.jpg,801829,maximum_weight_recommendation,350 pound
https://m.media-amazon.com/images/I/61qfHDESRQL.jpg,275506,item_weight,4.5 gram
https://m.media-amazon.com/images/I/61QC4Kt6FgL.jpg,275506,item_weight,4.5 gram
https://m.media-amazon.com/images/I/81+ZDpWM6aL.jpg,281678,item_volume,1977.0 decilitre
https://m.media-amazon.com/images/I/711unoPoAUL.jpg,801829,item_weight,120.0 gram
https://m.media-amazon.com/images/I/91yjUjUz1PL.jpg,281678,item_volume,100.0 millilitre
https://m.media-amazon.com/images/I/61iyjkBOWwL.jpg,281678,item_volume,100.0 millilitre
https://m.media-amazon.com/images/I/81bWfMuySqL.jpg,281678,item_volume,100.0 millilitre
https://m.media-amazon.com/images/I/81cNMlJ3rUL.jpg,297918,item_weight,40.0 gram
https://m.media-amazon.com/images/I/71V8xeIdY8L.jpg,297918,item_weight,0.0 gram
https://m.media-amazon.com/images/I/81QVNxEt5jL.jpg,297918,item_weight,40.0 gram
https://m.media-amazon.com/images/I/61rzdBIml6S.jpg,416664,item_weight,60.0 gram
https://m.media-amazon.com/images/I/71XLo+kfY4S.jpg,416664,item_weight,60.0 gram
https://m.media-amazon.com/images/I/61GnRPsq7eS.jpg,308856,item_weight,390 gram
https://m.media-amazon.com/images/I/71L-+M3VVPL.jpg,507619,item_weight,"[25.0, 30.0] pound"
https://m.media-amazon.com/images/I/81OX3LrynvL.jpg,801829,maximum_weight_recommendation,120 kilogram
https://m.media-amazon.com/images/I/71CgwBBpm2L.jpg,953031,item_weight,5.0 gram
https://m.media-amazon.com/images/I/61uEVvHFcnL.jpg,953031,item_weight,5.0 gram
https://m.media-amazon.com/images/I/6186qz73QDL.jpg,369753,item_volume,2.55 cubic inch
https://m.media-amazon.com/images/I/51-GFfHUt5L.jpg,993359,item_weight,100 gram
https://m.media-amazon.com/images/I/71wManz+q7L.jpg,281678,item_weight,100.0 gram
https://m.media-amazon.com/images/I/71rBE9Nt9sL.jpg,281678,item_weight,100.0 gram
https://m.media-amazon.com/images/I/61NpAba1eLL.jpg,523149,item_weight,2.6 gram
https://m.media-amazon.com/images/I/81GfAC59d9L.jpg,387046,item_weight,7.9 kilogram
https://m.media-amazon.com/images/I/71BkkuPYJFL.jpg,433914,item_weight,150.0 kilogram
https://m.media-amazon.com/images/I/61k7TzX5kYL.jpg,601746,item_weight,0.9 kilogram
https://m.media-amazon.com/images/I/81hGUpAFNJL.jpg,922709,voltage,7.0 volt
https://m.media-amazon.com/images/I/71iSbwHDcdL.jpg,648011,voltage,"[175.0, 265.0] volt"
https://m.media-amazon.com/images/I/81BxHI-QPIL.jpg,558374,item_weight,2.82 ounce
https://m.media-amazon.com/images/I/71WaRSgdUyL.jpg,558374,item_weight,16.0 gram
https://m.media-amazon.com/images/I/61cEFL6Y49L.jpg,884560,item_weight,132.0 gram
https://m.media-amazon.com/images/I/817S4LJR21L.jpg,281678,item_weight,77.0 gram
https://m.media-amazon.com/images/I/81V9hFKQT4L.jpg,281678,item_weight,77.0 gram
https://m.media-amazon.com/images/I/81i7biHKFUL.jpg,957185,item_weight,100.0 gram
https://m.media-amazon.com/images/I/9146CDDyS1L.jpg,654649,item_weight,100.0 gram
https://m.media-amazon.com/images/I/61zbBwJJ86L.jpg,375816,item_weight,25 gram
https://m.media-amazon.com/images/I/61g2MIPw-SL.jpg,375816,item_weight,25 gram
https://m.media-amazon.com/images/I/61rViW3qEDL.jpg,375816,item_weight,25 gram
https://m.media-amazon.com/images/I/41fYovCueJL.jpg,529606,item_weight,150 gram
https://m.media-amazon.com/images/I/61dL1hqmPTL.jpg,529606,item_weight,150 gram
https://m.media-amazon.com/images/I/61ErAvSUnML.jpg,529606,item_weight,150 gram
https://m.media-amazon.com/images/I/41J6cTfYEJL.jpg,529606,item_weight,150 gram
https://m.media-amazon.com/images/I/51FHIAeaWpL.jpg,529606,item_weight,150 gram
https://m.media-amazon.com/images/I/51egZNPkbmL.jpg,529606,item_weight,150 gram
https://m.media-amazon.com/images/I/61ptgk7Z6NL.jpg,459516,item_weight,200 gram
https://m.media-amazon.com/images/I/61mR0nvTi2L.jpg,483370,item_weight,2460.0 gram
https://m.media-amazon.com/images/I/71kKyflqh-L.jpg,178958,maximum_weight_recommendation,7 kilogram
https://m.media-amazon.com/images/I/81jraWFAHEL.jpg,654649,item_weight,6.0 ton
https://m.media-amazon.com/images/I/61q8BFKyG5L.jpg,416664,item_weight,2.5 kilogram
https://m.media-amazon.com/images/I/711pKODV8fL.jpg,752266,wattage,60.0 watt
https://m.media-amazon.com/images/I/818ZG7g9hHL.jpg,746096,wattage,21.6 watt
https://m.media-amazon.com/images/I/818ZG7g9hHL.jpg,746096,voltage,240.0 volt
https://m.media-amazon.com/images/I/719SXCcE+yL.jpg,749917,item_weight,1300.0 gram
https://m.media-amazon.com/images/I/71KGqjaeU3L.jpg,271537,voltage,120.0 volt
https://m.media-amazon.com/images/I/81pIxwIlH1L.jpg,529606,item_weight,22.0 gram
https://m.media-amazon.com/images/I/81dTA+JL8hL.jpg,529606,item_weight,22.0 gram
https://m.media-amazon.com/images/I/91YXnPoBr9L.jpg,529606,item_weight,22.0 gram
https://m.media-amazon.com/images/I/61ssSqT8LBL.jpg,483370,item_weight,2022.0 gram
https://m.media-amazon.com/images/I/71rMtEbiU2L.jpg,932012,item_weight,220.0 gram
https://m.media-amazon.com/images/I/71DngBpcvfL.jpg,932012,item_weight,220.0 gram
https://m.media-amazon.com/images/I/81eYKrxwPeL.jpg,396159,item_weight,240.0 gram
https://m.media-amazon.com/images/I/41yG6r50SGL.jpg,477578,item_weight,47.0 gram
https://m.media-amazon.com/images/I/61CKA8YZZQL.jpg,731432,item_weight,11 pound
https://m.media-amazon.com/images/I/71GGzJw4lJL.jpg,731432,item_weight,5 kilogram
https://m.media-amazon.com/images/I/71s4ixwJ35L.jpg,731432,item_weight,6.6 pound
https://m.media-amazon.com/images/I/61oJbgINwyL.jpg,731432,item_weight,3 kilogram
https://m.media-amazon.com/images/I/71xNXOBXbeL.jpg,731432,item_weight,6.6 pound
https://m.media-amazon.com/images/I/81ILq5SlokL.jpg,731432,item_weight,5 kilogram
https://m.media-amazon.com/images/I/61qBC3QCpKL.jpg,731432,item_weight,3 kilogram
https://m.media-amazon.com/images/I/41jz25vrqpL.jpg,308671,item_weight,9 gram
https://m.media-amazon.com/images/I/81fRIl3bhHL.jpg,917343,item_weight,18.0 ounce
https://m.media-amazon.com/images/I/61ZcOamhAXL.jpg,359859,item_weight,0.13 pound
https://m.media-amazon.com/images/I/6179WU7pPnL.jpg,273748,item_weight,0.41 kilogram
https://m.media-amazon.com/images/I/711UcLF1AOL.jpg,563130,item_weight,2.0 pound
https://m.media-amazon.com/images/I/71bEyocs6cL.jpg,563130,item_weight,2.0 pound
https://m.media-amazon.com/images/I/81P0F4kSO5L.jpg,479564,item_weight,38.0 gram
https://m.media-amazon.com/images/I/61xt0+F24LL.jpg,254449,item_weight,50.0 gram
https://m.media-amazon.com/images/I/41o+Ah16aOL.jpg,254449,item_weight,50.0 gram
https://m.media-amazon.com/images/I/61t+5wQl08L.jpg,254449,item_weight,500.0 milligram
https://m.media-amazon.com/images/I/61jznP3TP-L.jpg,254449,item_weight,50.0 gram
https://m.media-amazon.com/images/I/41UtmzUICML.jpg,254449,item_weight,76.0 ounce
https://m.media-amazon.com/images/I/71N+e+6NXUL.jpg,639090,item_weight,150.0 gram
https://m.media-amazon.com/images/I/71wSp5zkmOL.jpg,639090,item_weight,13.0 gram
https://m.media-amazon.com/images/I/61dRC9mLuLL.jpg,639090,item_weight,150.0 gram
https://m.media-amazon.com/images/I/718Y1zul73L.jpg,675317,item_weight,2.1 pound
https://m.media-amazon.com/images/I/61HmWvlaCgS.jpg,844474,item_weight,0.0 pound
https://m.media-amazon.com/images/I/61hmMEg2+JL.jpg,625310,item_weight,40.0 gram
https://m.media-amazon.com/images/I/717jdsjET2S.jpg,299791,item_weight,30.0 gram
https://m.media-amazon.com/images/I/71UctMVz2wL.jpg,334327,item_weight,1.43 pound
https://m.media-amazon.com/images/I/71Y2sN5CZ2L.jpg,601746,item_weight,200.0 kilogram
https://m.media-amazon.com/images/I/71TIH9xp14L.jpg,844474,item_weight,260.0 gram
https://m.media-amazon.com/images/I/51MfQdcFO4L.jpg,318770,wattage,20.0 watt
https://m.media-amazon.com/images/I/61IZwm4favL.jpg,523149,item_weight,4.0 gram
https://m.media-amazon.com/images/I/71Cpa4ITxCL.jpg,564709,item_weight,23.0 kilogram
https://m.media-amazon.com/images/I/71XKEn+9WSL.jpg,564709,item_weight,0.0 ounce
https://m.media-amazon.com/images/I/71Yl8r0WgHL.jpg,120219,maximum_weight_recommendation,12.0 ounce
https://m.media-amazon.com/images/I/71VHlwzHsIL.jpg,630869,item_weight,34.5 gram
https://m.media-amazon.com/images/I/81aU1hA-LKL.jpg,507988,item_weight,60.0 gram
https://m.media-amazon.com/images/I/911ddalhbYL.jpg,529606,item_weight,4.0 pound
https://m.media-amazon.com/images/I/71CPTuB3GzL.jpg,275506,item_weight,32.0 gram
https://m.media-amazon.com/images/I/61ZR+zqTeFL.jpg,275506,item_weight,32.0 gram
https://m.media-amazon.com/images/I/71IqOdJNJ0L.jpg,810266,item_weight,13.5 ounce
https://m.media-amazon.com/images/I/812RLyHuZgL.jpg,932012,item_weight,7.0 ounce
https://m.media-amazon.com/images/I/61nQgfAzcjL.jpg,523149,item_weight,15.9 gram
https://m.media-amazon.com/images/I/51LXZCTnMuL.jpg,299791,item_weight,35.3 gram
https://m.media-amazon.com/images/I/71PKpcLG-3L.jpg,308856,item_weight,10 kilogram
https://m.media-amazon.com/images/I/71om5sNcHSL.jpg,308856,item_weight,10 kilogram
https://m.media-amazon.com/images/I/51iLFnog-TL.jpg,993359,item_weight,200 gram
https://m.media-amazon.com/images/I/71ZTyrP+83L.jpg,731432,item_weight,100 gram
https://m.media-amazon.com/images/I/71IXiyI6MgL.jpg,639090,item_weight,315.0 gram
https://m.media-amazon.com/images/I/71as9Ior9hL.jpg,299791,item_weight,22.0 gram
https://m.media-amazon.com/images/I/71MG6eEeFZS.jpg,965518,voltage,18.0 volt
https://m.media-amazon.com/images/I/81uaGW5FXGL.jpg,523149,item_weight,4.0 gram
https://m.media-amazon.com/images/I/81flV4kwOwL.jpg,449021,item_weight,8.0 ounce
https://m.media-amazon.com/images/I/51xK4g4F03S.jpg,271537,voltage,240.0 volt
https://m.media-amazon.com/images/I/51R15QuIuyL.jpg,271537,voltage,12.0 volt
https://m.media-amazon.com/images/I/51vgDwEY7xL.jpg,271537,voltage,12.0 volt
https://m.media-amazon.com/images/I/81JoUrtkpmL.jpg,459516,item_volume,1.69 fluid ounce
https://m.media-amazon.com/images/I/81VXdzB0RVL.jpg,373285,item_volume,64.0 fluid ounce
https://m.media-amazon.com/images/I/819iiEopcWL.jpg,373285,item_volume,8.0 fluid ounce
https://m.media-amazon.com/images/I/81OYyqNGOmL.jpg,373285,item_volume,8.0 fluid ounce
https://m.media-amazon.com/images/I/91zZGVgZh+L.jpg,881883,item_weight,13.0 ton
https://m.media-amazon.com/images/I/71U6lF5xVsL.jpg,648011,voltage,"[220.0, 240.0] volt"
https://m.media-amazon.com/images/I/81-qTUhd0eL.jpg,211213,wattage,1000.0 watt
https://m.media-amazon.com/images/I/81MuNrz5V4L.jpg,211213,wattage,800.0 watt
https://m.media-amazon.com/images/I/51PKOVajYoL.jpg,523149,item_weight,4.4 gram
https://m.media-amazon.com/images/I/71FO3i3r+US.jpg,630390,item_weight,750 gram
https://m.media-amazon.com/images/I/71r5a-F3-BS.jpg,630390,item_weight,750 gram
https://m.media-amazon.com/images/I/81mBfsyl+DL.jpg,375816,item_weight,123.0 gram
https://m.media-amazon.com/images/I/714cnffNW3L.jpg,375816,item_weight,123.0 gram
https://m.media-amazon.com/images/I/81DMfLssTwL.jpg,375816,item_weight,123.0 gram
https://m.media-amazon.com/images/I/81M9xG3reDL.jpg,375816,item_weight,123.0 gram
https://m.media-amazon.com/images/I/71BqZJVE4kL.jpg,375816,item_weight,123.0 gram
https://m.media-amazon.com/images/I/81L5qqZU1NL.jpg,375816,item_weight,8.0 ounce
https://m.media-amazon.com/images/I/717z1HKi8oL.jpg,375816,item_weight,123.0 gram
https://m.media-amazon.com/images/I/71J+30S5EDL.jpg,750220,item_weight,200 gram
https://m.media-amazon.com/images/I/71A2oqx3rmL.jpg,299791,item_weight,56 gram
https://m.media-amazon.com/images/I/91-tHcMlZzL.jpg,489118,item_weight,320.0 gram
https://m.media-amazon.com/images/I/71NFYx8fBXL.jpg,489118,item_weight,320.0 gram
https://m.media-amazon.com/images/I/61vlGd51PeL.jpg,844474,item_weight,0.88 pound
https://m.media-amazon.com/images/I/61ZBhPKQ2xL.jpg,563130,item_weight,8.0 gram
https://m.media-amazon.com/images/I/51zeZBf-HcL.jpg,179080,voltage,36.0 volt
https://m.media-amazon.com/images/I/616boDUl2HL.jpg,459516,item_weight,1440 milligram
https://m.media-amazon.com/images/I/61Q-ggen5XL.jpg,299791,item_weight,1.6 gram
https://m.media-amazon.com/images/I/8190fwx-OdL.jpg,281678,item_weight,1.2 gram
https://m.media-amazon.com/images/I/41CKvM8JV7L.jpg,866516,item_weight,14.0 gram
https://m.media-amazon.com/images/I/71THO4WNG-L.jpg,916768,item_weight,590.0 gram
https://m.media-amazon.com/images/I/71J-AA3BW3L.jpg,442321,item_weight,100.0 kilogram
https://m.media-amazon.com/images/I/81PcR51hbUL.jpg,589105,item_weight,50.0 ton
https://m.media-amazon.com/images/I/717XYkhGpKL.jpg,978900,item_weight,276.0 gram
https://m.media-amazon.com/images/I/61ezcEdeQcL.jpg,459516,item_weight,400.0 milligram
https://m.media-amazon.com/images/I/61gjCs2yeCL.jpg,459516,item_weight,90.0 gram
https://m.media-amazon.com/images/I/51E+rGvwO0L.jpg,752266,wattage,24.0 watt
https://m.media-amazon.com/images/I/811QUiTwekL.jpg,281678,item_volume,8.0 fluid ounce
https://m.media-amazon.com/images/I/71iifNw7WkL.jpg,132401,item_weight,165.0 pound
https://m.media-amazon.com/images/I/51YdPlXffPL.jpg,459516,item_volume,2007.0 gallon
https://m.media-amazon.com/images/I/51eGoOSfx4L.jpg,459516,item_volume,2006.0 gallon
https://m.media-amazon.com/images/I/61Fxk72idwL.jpg,459516,item_volume,2007.0 gallon
https://m.media-amazon.com/images/I/61cNUSZr+EL.jpg,523149,item_weight,2.5 gram
https://m.media-amazon.com/images/I/41egkCDTTML.jpg,483370,item_weight,100.0 gram
https://m.media-amazon.com/images/I/6183amP6LdL.jpg,459516,item_weight,3.52 ounce
https://m.media-amazon.com/images/I/61NpoOFjk6L.jpg,459516,item_weight,100 gram
https://m.media-amazon.com/images/I/61DnguuYwbL.jpg,459516,item_weight,3.52 ounce
https://m.media-amazon.com/images/I/71khUZBj+4L.jpg,459516,item_weight,100 gram
https://m.media-amazon.com/images/I/715DgMR-hkL.jpg,226504,item_weight,10.5 kilogram
https://m.media-amazon.com/images/I/81xqMNmhEpL.jpg,446789,maximum_weight_recommendation,300 kilogram
https://m.media-amazon.com/images/I/51En0fgN73L.jpg,308856,item_weight,70 gram
https://m.media-amazon.com/images/I/81CYds5q79L.jpg,308856,item_weight,70 gram
https://m.media-amazon.com/images/I/81ssfOL5b-L.jpg,308856,item_weight,70 gram
https://m.media-amazon.com/images/I/61E9-xj8ciL.jpg,993359,item_weight,3.52 ounce
https://m.media-amazon.com/images/I/617Jckaf62L.jpg,993359,item_weight,100 gram
https://m.media-amazon.com/images/I/71RjWH103nS.jpg,375816,item_weight,200 gram
https://m.media-amazon.com/images/I/51Ak7GKuiLL.jpg,375816,item_weight,200 gram
https://m.media-amazon.com/images/I/71BTB4+8bWL.jpg,529606,item_weight,0 gram
https://m.media-amazon.com/images/I/717izgnf0qL.jpg,529606,item_weight,0 gram
https://m.media-amazon.com/images/I/918PpLvmRHL.jpg,731432,item_weight,60 gram
https://m.media-amazon.com/images/I/71KQtc1rA6L.jpg,523149,item_weight,11.7 gram
https://m.media-amazon.com/images/I/71DwqzSrFCL.jpg,523149,item_weight,11.7 gram
https://m.media-amazon.com/images/I/61BmXdBPeAL.jpg,881883,item_weight,120.0 gram
https://m.media-amazon.com/images/I/61EZUdXT3vL.jpg,752266,item_weight,0.51 kilogram
https://m.media-amazon.com/images/I/41-GUSWgzWL.jpg,752266,wattage,72.0 watt
https://m.media-amazon.com/images/I/41zNB8ZshmL.jpg,373285,item_volume,200.0 millilitre
https://m.media-amazon.com/images/I/611UdEWakYL.jpg,523149,item_weight,7.5 gram
https://m.media-amazon.com/images/I/71xH9zWYDXL.jpg,564709,item_weight,120.0 kilogram
https://m.media-amazon.com/images/I/81yGnWN1gpL.jpg,225091,item_weight,4.0 kilogram
https://m.media-amazon.com/images/I/71iJwszcKmL.jpg,225091,item_weight,4.0 kilogram
https://m.media-amazon.com/images/I/814zl+0TMJL.jpg,396159,item_weight,2.0 gram
https://m.media-amazon.com/images/I/41fX-OWziML.jpg,752266,wattage,54.0 watt
https://m.media-amazon.com/images/I/71uSbcePMFL.jpg,192132,item_weight,400.0 gram
https://m.media-amazon.com/images/I/4147dGptveL.jpg,750220,item_weight,100.0 gram
https://m.media-amazon.com/images/I/616vBbocrvL.jpg,271537,voltage,12.0 volt
https://m.media-amazon.com/images/I/814BwteCiwL.jpg,271537,voltage,12.0 volt
https://m.media-amazon.com/images/I/81k08BRlQdL.jpg,731432,item_weight,271.0 gram
https://m.media-amazon.com/images/I/51ZPy1PgAnL.jpg,731432,item_weight,20.0 gram
https://m.media-amazon.com/images/I/81cXf6HnPWL.jpg,731432,item_weight,271.0 gram
https://m.media-amazon.com/images/I/716Gw2+1EzL.jpg,249638,item_weight,35.0 gram
https://m.media-amazon.com/images/I/71JCDu6h05S.jpg,299791,item_weight,154 pound
https://m.media-amazon.com/images/I/71oiYZsDN2L.jpg,529606,item_weight,2601 pound
https://m.media-amazon.com/images/I/718QeeH3QyL.jpg,630869,item_weight,14.5 gram
https://m.media-amazon.com/images/I/81xiCm7XYWL.jpg,486636,item_weight,565.0 gram
https://m.media-amazon.com/images/I/71qMt6EnwlL.jpg,252782,item_weight,240.0 gram
https://m.media-amazon.com/images/I/612WwnwSEzL.jpg,731432,item_weight,300.0 milligram
https://m.media-amazon.com/images/I/61MGk3PsxcL.jpg,731432,item_weight,300.0 milligram
https://m.media-amazon.com/images/I/61e7EW6lRvL.jpg,639090,item_weight,3.5 ounce
https://m.media-amazon.com/images/I/7104ARm7I-L.jpg,801829,maximum_weight_recommendation,440.0 pound
https://m.media-amazon.com/images/I/71V3-MUsc6L.jpg,630869,item_weight,32.0 gram
https://m.media-amazon.com/images/I/71Eszh9j23L.jpg,630869,item_weight,32.0 gram
https://m.media-amazon.com/images/I/71guQr5cqaL.jpg,639090,item_weight,454.0 gram
https://m.media-amazon.com/images/I/71cmBtqE8NL.jpg,639090,item_weight,1.0 ounce
https://m.media-amazon.com/images/I/71C4XXPcZ3L.jpg,639090,item_weight,454.0 gram
https://m.media-amazon.com/images/I/61L4wjI4YEL.jpg,120219,maximum_weight_recommendation,6.0 ton
https://m.media-amazon.com/images/I/410gyMVw-UL.jpg,375816,item_weight,96.0 gram
https://m.media-amazon.com/images/I/81ZWxc+sUML.jpg,917343,item_weight,900.0 gram
https://m.media-amazon.com/images/I/71dl7T4AWKL.jpg,318770,wattage,66.0 watt
https://m.media-amazon.com/images/I/61DHSHAPVLL.jpg,523149,item_weight,24.0 gram
https://m.media-amazon.com/images/I/71u9qpY7TtL.jpg,252782,item_weight,2.0 kilogram
https://m.media-amazon.com/images/I/81TYV2TkiGL.jpg,993359,item_weight,500.0 gram
https://m.media-amazon.com/images/I/71c-++zgVxL.jpg,386873,item_weight,423.0 gram
https://m.media-amazon.com/images/I/71c0GP5KuPL.jpg,442321,item_weight,70.0 kilogram
https://m.media-amazon.com/images/I/51KGPCaOwyL.jpg,730429,item_weight,143.0 gram
https://m.media-amazon.com/images/I/71ws-E5lBtL.jpg,630869,item_weight,0.45 ounce
https://m.media-amazon.com/images/I/51DnP-sc-YL.jpg,750220,item_weight,44115.0 ton
https://m.media-amazon.com/images/I/61sYpkCc8gL.jpg,281678,item_volume,1.0 litre
https://m.media-amazon.com/images/I/71LlzAFiptL.jpg,179080,voltage,36.0 volt
https://m.media-amazon.com/images/I/71pvXAM5PWL.jpg,179080,voltage,36.0 volt
https://m.media-amazon.com/images/I/71pvXAM5PWL.jpg,179080,wattage,250.0 watt
https://m.media-amazon.com/images/I/811zQczlePL.jpg,459516,item_weight,100.0 gram
https://m.media-amazon.com/images/I/81cjPJpZ3-L.jpg,459516,item_weight,100.0 gram
https://m.media-amazon.com/images/I/616k4sH4pZL.jpg,318770,wattage,20.0 watt
https://m.media-amazon.com/images/I/51+N63vjwWL.jpg,523149,item_weight,10.7 gram
https://m.media-amazon.com/images/I/71w+ZJKvGML.jpg,449021,item_weight,10.0 ounce
https://m.media-amazon.com/images/I/51ewovtbRtL.jpg,329793,item_weight,130.0 gram
https://m.media-amazon.com/images/I/819v28pzDoL.jpg,375816,item_weight,1.8 ounce
https://m.media-amazon.com/images/I/81yidnjAQ+L.jpg,375816,item_weight,1.8 ounce
https://m.media-amazon.com/images/I/71D81Xct+vL.jpg,630869,item_weight,15 gram
https://m.media-amazon.com/images/I/7107fyOBRRL.jpg,459516,item_weight,600 milligram
https://m.media-amazon.com/images/I/71ubk42imPL.jpg,969033,maximum_weight_recommendation,15 pound
https://m.media-amazon.com/images/I/41wv12SiMUS.jpg,630869,item_weight,5.3 gram
https://m.media-amazon.com/images/I/719tUNMxONL.jpg,281678,item_weight,250 gram
https://m.media-amazon.com/images/I/616AZ2LXWAL.jpg,150913,item_weight,12.3 kilogram
https://m.media-amazon.com/images/I/51xoa3bRhDL.jpg,993359,item_weight,50 gram
https://m.media-amazon.com/images/I/61AqXby8G4L.jpg,523149,item_weight,18.0 gram
https://m.media-amazon.com/images/I/71-9z6AVvPL.jpg,487566,item_weight,14.5 kilogram
https://m.media-amazon.com/images/I/81gL5mNlN8L.jpg,750220,item_weight,63 gram
https://m.media-amazon.com/images/I/71EhZZVhi2L.jpg,523149,item_weight,8.7 gram
https://m.media-amazon.com/images/I/81cYIj47SPL.jpg,746096,voltage,24.0 volt
https://m.media-amazon.com/images/I/91rFLNmJC4L.jpg,281678,item_weight,100 gram
https://m.media-amazon.com/images/I/61fUGb1nYML.jpg,523149,item_weight,4.8 gram
https://m.media-amazon.com/images/I/61o8MpHHsnL.jpg,767202,item_weight,450.0 kilogram
https://m.media-amazon.com/images/I/71s5Tk5r4tL.jpg,459516,item_weight,360.0 milligram
https://m.media-amazon.com/images/I/61SsfLTCHcL.jpg,917343,item_weight,2.98 pound
https://m.media-amazon.com/images/I/61Kzp6mUyDL.jpg,140266,voltage,230.0 volt
https://m.media-amazon.com/images/I/7122mFDMKdL.jpg,752266,wattage,30.0 watt
https://m.media-amazon.com/images/I/914b-Rbu8sL.jpg,752266,wattage,30.0 watt
https://m.media-amazon.com/images/I/61QLqAtk49L.jpg,254449,item_weight,36.0 gram
https://m.media-amazon.com/images/I/71oR4f2O8TL.jpg,254449,item_weight,36.0 gram
https://m.media-amazon.com/images/I/91CFwJYqSIL.jpg,483370,item_weight,93.0 gram
https://m.media-amazon.com/images/I/61EtovzpV8L.jpg,299791,item_weight,5.8 gram
https://m.media-amazon.com/images/I/71DdZjdjY2L.jpg,767202,item_weight,2325.0 microgram
https://m.media-amazon.com/images/I/81Lk7YnVq6L.jpg,179080,wattage,250.0 watt
https://m.media-amazon.com/images/I/61kX5ScRxdL.jpg,881883,item_weight,3.0 pound
https://m.media-amazon.com/images/I/512zELhKnmL.jpg,844474,item_weight,15.17 ounce
https://m.media-amazon.com/images/I/51bvN6sQJZL.jpg,145452,item_weight,328.0 gram
https://m.media-amazon.com/images/I/61BJZI+N6FL.jpg,271537,voltage,5.0 volt
https://m.media-amazon.com/images/I/71dQhAkuiXL.jpg,271537,voltage,5.0 volt
https://m.media-amazon.com/images/I/71iCDzf3SVL.jpg,709627,item_weight,280.0 gram
https://m.media-amazon.com/images/I/71FSLU7TEyL.jpg,442321,item_weight,80.0 kilogram
https://m.media-amazon.com/images/I/71-q0hAgSSL.jpg,281678,item_volume,200.0 millilitre
https://m.media-amazon.com/images/I/7127o10t9tL.jpg,801829,maximum_weight_recommendation,250 pound
https://m.media-amazon.com/images/I/71jD7X6Eo5L.jpg,810266,item_weight,2.0 pound
https://m.media-amazon.com/images/I/51WKciNNXsL.jpg,523149,item_weight,20.0 gram
https://m.media-amazon.com/images/I/313aG8L3-rL.jpg,709627,item_weight,30.0 kilogram
https://m.media-amazon.com/images/I/31aalwb8cdL.jpg,709627,item_weight,30.0 kilogram
https://m.media-amazon.com/images/I/71slQD6kfYL.jpg,983323,wattage,210.0 watt
https://m.media-amazon.com/images/I/51xVMJXeyUL.jpg,318770,wattage,15.0 watt
https://m.media-amazon.com/images/I/61LThsu6KrL.jpg,767202,item_weight,3.0 gram
https://m.media-amazon.com/images/I/61KcdM-rxqL.jpg,299791,item_weight,39.0 gram
https://m.media-amazon.com/images/I/41ZqgLmAOpL.jpg,558374,item_weight,1.16 kilogram
https://m.media-amazon.com/images/I/814tdSHcsrL.jpg,276700,item_weight,4.8 kilogram
https://m.media-amazon.com/images/I/71q-GgOyiWL.jpg,752266,item_weight,380.0 gram
https://m.media-amazon.com/images/I/718AbJ-lnUL.jpg,794161,item_weight,0.28 ounce
https://m.media-amazon.com/images/I/81elFizoqgL.jpg,459516,item_weight,100 gram
https://m.media-amazon.com/images/I/71FcYrlHEEL.jpg,459516,item_weight,100 gram
https://m.media-amazon.com/images/I/71uyQ21zqVL.jpg,459516,item_weight,100 gram
https://m.media-amazon.com/images/I/71Iz6gGlhzL.jpg,365637,item_weight,150 gram
https://m.media-amazon.com/images/I/51NBIRi0OLL.jpg,365637,item_weight,150 gram
https://m.media-amazon.com/images/I/61JcUwBXP6L.jpg,308856,item_weight,10 kilogram
https://m.media-amazon.com/images/I/61pdB9fr-cL.jpg,308856,item_weight,10 kilogram
https://m.media-amazon.com/images/I/516rrBjrjnL.jpg,993359,item_weight,200 gram
https://m.media-amazon.com/images/I/81IGy+1kZHL.jpg,993359,item_weight,100 gram
https://m.media-amazon.com/images/I/71f8PsMyZIL.jpg,993359,item_weight,100 gram
https://m.media-amazon.com/images/I/71iA1buDH4S.jpg,630869,item_weight,16.26 gram
https://m.media-amazon.com/images/I/71jmtTh5QES.jpg,630869,item_weight,16.26 gram
https://m.media-amazon.com/images/I/518L45yHsfL.jpg,810266,item_weight,316 gram
https://m.media-amazon.com/images/I/7179JK26-1L.jpg,893692,item_weight,2.9 kilogram
https://m.media-amazon.com/images/I/719skH5g3DL.jpg,299791,item_weight,10.3 gram
https://m.media-amazon.com/images/I/81L5nXqWeLL.jpg,731432,item_weight,8.0 kilogram
https://m.media-amazon.com/images/I/61m-jQu+ZaL.jpg,558832,item_weight,1.0 gram
